business_id,name,categories
adATTqggIQX5xxLDISkFTw,Just Churros,"Food Trucks, Restaurants, Caterers, Event Planning & Services, Food, Mexican, Spanish, Desserts"
wgcSbX3osqRibWW7pVyfww,Jack in the Box,"Burgers, Fast Food, Restaurants, Breakfast & Brunch, Mexican, Tacos"
i8UZblHPk2O-iNKJrnWQ_Q,Taco Bell,"Restaurants, Fast Food, Mexican, Tex-Mex, Tacos, Breakfast & Brunch"
Y3ZCO17N1_T_Ms1JmswwzA,Taqueria Pico De Gallo,"Mexican, Restaurants"
v5T1Q21TT1_S_aY_G8Mf-g,Mr. Baja Fish,"Seafood, Restaurants, Mexican"
oCATFtmf0u9m0kj1Bdr5GA,Nicos Mexican Food,"Restaurants, Mexican"
Ck2WcubwhTRc8bgYQyH-SA,Mi Cabana Restaurant,"Restaurants, Seafood, Mexican"
ERl6OCSEIFBOqfjai_jIUg,La Parrilla Suiza,"Restaurants, Mexican"
SjjrTfCxmLp0kJgy62sRAg,Maico,"Restaurants, Mexican"
BvQ02tI-7gVAfQwHe_U3bA,Taco Bell,"Breakfast & Brunch, Fast Food, Restaurants, Tex-Mex, Mexican, Tacos"
2wEnpf2eu98rcYc540UN3Q,Chipotle Mexican Grill,"Restaurants, Fast Food, Mexican"
rViAhfKLKmwbhTKROM9m0w,Casino Del Sol,"Arts & Entertainment, Hotels & Travel, Casinos, Diners, Restaurants, Mexican, Resorts"
otQS34_MymijPTdNBoBdCw,BK Tacos,"Restaurants, Tacos, Mexican, Hot Dogs, Breakfast & Brunch, Steakhouses"
5YsyW95SpCiLhpYYuZ3GBQ,Burgerrito,"Food, Restaurants, Mexican, Food Trucks"
LQcGL4hfJAeK6bk2ZdhmXw,Aqui Con El Nene,"Fast Food, Restaurants, Mexican, Food Stands, Hot Dogs"
7OrS8FzIChQmkVgTxOew6w,El Sur Restaurant,"Restaurants, Mexican"
wSeEtJ-d2C8vqy5v9La9-g,Lonchos Street Tacos & Spirits,"Hot Dogs, Nightlife, Sports Bars, Bars, Food Stands, Mexican, Restaurants"
jmwasbZfgj3honf79qKsnA,Street- Taco and Beer Co.,"Mexican, Bars, Restaurants, Nightlife"
Wd9JBLjCCh5yTF0vPAxCAA,El Merendero,"Mexican, Restaurants"
L4f7DvOdzkqPlltqmwL0Rg,CRUDA Mariscos & Oyster Bar,"Restaurants, Seafood, Breakfast & Brunch, Mexican"
rdtMeOwRcXw4mJVxiBQ_IQ,La Mesa Tortillas,"Specialty Food, Food, Local Flavor, Restaurants, Mexican, Ethnic Food"
7L1kXfwU5XM6f6Jxo_L7Yg,Casa Molina Del Norte,"Latin American, Mexican, Restaurants"
fEdDmhp6MQhuPF-iVLcmEw,Carlota's Authentic Mexican Cuisine,"Restaurants, Food, Mexican"
WbA5ud4InNWkizW7HE5kRQ,Penca,"Mexican, Restaurants, Nightlife, Bars, Venues & Event Spaces, Event Planning & Services"
OvSry57xdVkcrNSZdrA8RQ,Taco Bell,"Mexican, Restaurants, Tacos, Fast Food"
-D_InZvA0lq497RtoNxofw,Mr Baja Fish,"Seafood, Restaurants, Mexican"
qqArBRPcKDljT6OEmReEdw,Seis Kitchen,"Breakfast & Brunch, Restaurants, Mexican"
3p60SCbWgBMCw7UcREExMw,El Pollo Loco,"Restaurants, Mexican, Fast Food"
W7NxQw8UYFR0HLPrI08tvw,Chipotle Mexican Grill,"Restaurants, Fast Food, Mexican"
eBGWJYj9meGtvgw0Tm7KwA,Mela's Raspados & Antojitos,"Ice Cream & Frozen Yogurt, Shaved Ice, Food, Desserts, Mexican, Restaurants"
25oFsYCEn6jP4CdJdkEw3A,Taqueria El Cheke,"Burgers, Food Trucks, Street Vendors, Food, Restaurants, Mexican"
9N2EGZEaZSK52kViRx9GMg,Los Betos,"Restaurants, Mexican"
dyVKL3qKsz_XDxtjpbNcgQ,El Charro Cafe,"Mexican, Restaurants"
KHwncPVH4YKRpEPoJpiB1Q,Fire + Spice Tucson,"Mexican, Tex-Mex, Restaurants"
fXIahKpTRkWDeedxlpidVw,Nico's Taco Shop,"Restaurants, Mexican"
dygflr6j51vf3-lM5pUIkw,El Dorado,"Mexican, Latin American, Restaurants"
RhuYqAT45uIR2NNdDsolXQ,St Mary's Mexican Food,"Restaurants, Mexican"
ujscft15GkpvxcqT4FoAOg,Taco Bell,"Food, Restaurants, Breakfast & Brunch, Fast Food, Tex-Mex, Mexican, Tacos"
lEOxwatxwXaCi8lPUTFKRQ,Indian Frybread-Manna From Heaven,"Restaurants, Mexican, American (Traditional), Indian, Food"
ayKkakJwKGx5eBCYboYOHw,Taco Bell,"Tex-Mex, Restaurants, Breakfast & Brunch, Mexican, Fast Food, Tacos"
JN_sprx6_17CEhtbEK-AJg,Polo's Taqueria,"Restaurants, Mexican"
wqmAnbS2roEnhKHCHygrSw,Club 21,"Restaurants, Mexican"
b0syqzR1F-EmprvTVs23ng,Angela's Mexican Food,"Restaurants, Mexican"
iJoGdgWECMNpe-ajs0rfxA,El Sabroso Oakwood Grill,"Mexican, Restaurants"
h4Um1Vu4Lpo7I1juWXFIUw,La Reyna Hot Dogs,"Food, Mexican, Food Trucks, Restaurants, Hot Dogs"
Z75xSO_6mKuuPpRHE-GjHg,Tacos Apson,"Tacos, Restaurants, Mexican"
-pRU97z3uPU_M7yUf5yzMg,Micha's,"Event Planning & Services, Breakfast & Brunch, Mexican, Fast Food, Caterers, Restaurants, Buffets"
U3aNQ5DsABPYyJQolsCbJg,Charro Steak & Del Rey,"Diners, Restaurants, Steakhouses, Mexican"
Hl1snIVcDuihCT1raOwe3A,ChickeNuevo,"Mexican, Fast Food, Restaurants, Chicken Shop"
7rv0s0PrtFqRWEAIJ076Mw,Jack in the Box,"Mexican, Tacos, Breakfast & Brunch, Restaurants, Fast Food, Burgers"
JJjPO_Q3q9x2NXLcWkImoQ,Filibertos,"Tacos, Fast Food, Restaurants, Mexican"
-dlxDNFu_gRiUlfTInvrkA,Rancheros Market,"Specialty Food, Herbs & Spices, Food, Restaurants, Meat Shops, Mexican"
FNdfY7ZOavJQMmHiPPBkcg,Sushi Lito,"Food, Mexican, Tacos, Food Trucks, Sushi Bars, Restaurants"
RltJmR7ALy-qNjwes7s8cw,Baja Mar Restaurante,"Seafood Markets, Restaurants, Seafood, Food, Mexican, Specialty Food"
k0DQBEvaUjiJ3KXynmhpDA,Los Beto's,"Restaurants, Mexican"
NhIa6lf-D60Tgdj4RN3gjw,La Hacienda Restaurant,"Mexican, Restaurants, Salad, Seafood, Bars, Nightlife"
qQeJ6nHr8LaBMp2NTpzJfA,Los Portales Cocina Mexicana,"Mexican, Restaurants"
DVBJRvnCpkqaYl6nHroaMg,Tumerico,"Mexican, Gluten-Free, Vegetarian, Restaurants, Vegan"
6cuz9QXRmRbtE-xXaev9FA,ChickeNuevo,"Fast Food, Restaurants, Mexican"
8Qi-p6vbKRRNzgh8NV3flA,Rodolfos Taco Shop,"Restaurants, Mexican"
ZNRbukNN8rxj_uHqi-mJ-w,Los Betos,"Restaurants, Mexican"
QC5q6TKv_qwQ758qalF6Rw,The Landing,"American (New), Bars, American (Traditional), Burgers, Sports Bars, Tacos, Mexican, Restaurants, Seafood, Nightlife"
T_I2fxCdXDn6QdE7Qmpi9A,Riliberto's Fresh Mexican Food,"Mexican, Restaurants"
ZrSG1C6jJD075rVs_k87fw,Leo's,"Restaurants, Mexican"
rumPLvjy_ZMekZ5UBSF1ZA,On The Border Mexican Grill & Cantina,"Tex-Mex, Restaurants, Mexican"
E3QSrua1cXWaurPitBhKGQ,El Sur Restaurant,"Restaurants, Mexican, Comfort Food, New Mexican Cuisine, Food, Tacos"
xdy61kO_r5p6Zw30dsZ-ng,Umi Star,"Asian Fusion, Bars, Mexican, American (New), Restaurants, Nightlife, Japanese"
_iABaSzrsm4oJJsSmP1W8g,Los Alazanes,"Restaurants, Mexican"
SNJBmdlacp6MeL9NuDukhw,Fito's Taco Shop,"Restaurants, Mexican"
aDL_KdxbDRT5s51Jtn9V5g,Charro del Rey,"Mexican, Restaurants, Seafood"
jQeThjB6k-q6yc2heVCKSQ,La Mesa Tortillas,"Restaurants, Mexican"
QlAugerLvLsi-1Z2ca9bgA,Cafe Santa Rosa Go:k,"Mexican, Restaurants"
-Rmxzme0KxjvRG45p4gqlA,Chickenuevo,"Restaurants, Fast Food, Mexican"
fzTeOVjzdCo9zQopk5mB4A,Guillermo's Double L Restaurant,"Restaurants, Mexican"
Nggy_QUDxaLlrcQAQf7GnQ,Taqueria Juanito's,"Mexican, Restaurants"
2nOMhod2sggZHzKVipP7gw,Cinco De Mayo Mexican Restaurant & Seafood,"Mexican, Seafood, Shopping, Restaurants"
sr5A1frZiTRediG8FLEkdw,Casa Del Rio,"Restaurants, Event Planning & Services, Caterers, Mexican"
dHpHptXgn1gpuxr_4DrMYQ,La Indita,"Mexican, Restaurants, Vegetarian"
BeoltbGxYneBCWGS5_0FSg,Los Betos Mexican Food,"Mexican, Restaurants"
jQxSzM9Rr8d59XFeAijCTw,Taqueria El Semental,"Food, Food Trucks, Restaurants, Mexican"
wzPc5d1l0PpxQLQDhh8T2w,Toro Loco,"Tacos, Restaurants, Mexican"
mJCQvxebEu85MmjNyQGIJg,el Pollo Lucky,"Mexican, Restaurants, Food, Specialty Food, Fast Food"
4bIWYWFu2OobvS2gz4Lx0g,Pollo Feliz,"Restaurants, Mexican"
5_o6xAj163sAVnKMzQgxeg,Los Betos,"Desserts, Salad, Tacos, Restaurants, Food, Mexican"
mId-M1HWa1lahc9uPjJwQA,Taco Giro,"Mexican, Restaurants"
tXNMdlULhCAh7MQHFlSe9Q,Nico's Mexican Food,"Restaurants, Mexican"
QFwWERpeo3kESm-wX0j2kw,La Casita De Molina,"Mexican, Restaurants"
9STwVAyfD3FrheWIT3OOhg,Francisco's De Noche,"Restaurants, Mexican"
8XSW4uA85WqHdQlRirWkQg,El Sinaloense Hot Dog Cart,"Food Stands, Restaurants, Hot Dogs, Mexican"
ktXr_YoMFDns-s_jsWNJGw,Los Chipilones,"Mexican, Restaurants"
FR1SxQH_3ucer5lxyr2z1g,Las Margaritas Restaurants,"Mexican, Restaurants"
fb4SVEsRv9JQuDMhZOcxoA,El Molinito,"Restaurants, Mexican"
1JeLTkidlEjEi38pJS0JBw,Taco Urbano,"Restaurants, Mexican"
dEOKHo8JDHoG9SuQJ2NT1A,Tutuli's Sonoran Hotdogs,"Restaurants, Mexican, Hot Dogs"
mQKm6zs570t8d44ZgpMg_Q,Guisos Mexican Soul Food,"Fast Food, Mexican, Restaurants"
kwZ8ddju8nJbP_3X3kHpZQ,Karamelo King,"Tacos, Restaurants, Hot Dogs, Fast Food, Mexican"
A5zTYeL1gBpMKgw_btHF3Q,Viva Burrito,"Fast Food, Mexican, Tacos, Restaurants"
qBG3wfTzzgb1HOK2OWigaw,Karichimaka Restaurant,"Salad, Steakhouses, Cocktail Bars, Mexican, Seafood, Nightlife, Bars, Restaurants"
A6z1wMsaLLVTamzooGiqaQ,Taco Bell,"Restaurants, Tacos, Mexican, Fast Food, Breakfast & Brunch, Tex-Mex"
f_xxwfH2g_WkOdtDq5LFNg,Nicos Mexican Food,"Restaurants, Mexican"
0gdnntqYGYhUCTTf0a7Xcg,Tumerico On 4th Ave,"Mexican, Vegetarian, Vegan, Restaurants"
99hjUMP0c_IB5nOzZS4_1g,La Salsa Fresh Mexican Grill,"Restaurants, Mexican, Tex-Mex"
SHWhKFCLAMqbwNFdAohcMg,Rubio's,"Fast Food, Restaurants, Event Planning & Services, Mexican, Caterers, Seafood, Salad"
1vLZFm0f85DwB5jCeA7Olg,Sir Veza's Taco Garage,"Food, Beer, Wine & Spirits, Restaurants, Mexican"
w2zcvd0i8xGy6H_-uXUK7g,Mariscos Chihuahua,"Mexican, Fish & Chips, Tacos, Soup, Restaurants"
JRgjDdPh-8t2jbxuDMuKqw,Chipotle Mexican Grill,"Ethnic Food, Food, Mexican, Restaurants, Fast Food, Specialty Food"
b1nxUFt8ukstKIq-d22icg,Maria's Cafe,"Restaurants, Mexican"
OVKPUDmoS8me5BehMg-n8g,Whata Burro,"Restaurants, Food Trucks, Food, Mexican"
kA6aOMYMd-z45Nj2RrHxPA,Nico’s Sabino Canyon,"Mexican, Restaurants"
uvtDcAEXnTLE2SaTxqrKww,Gema Raspados & Delights,"Ice Cream & Frozen Yogurt, Food, Desserts, Restaurants, Mexican, Shaved Ice"
KJqxR5ITx6tFbCMPGDZnGw,Sir Vezas,"Restaurants, American (Traditional), Mexican"
K7gGvOX25m7vJIvd4cEG3A,Las Brasas,"Restaurants, Mexican"
wDc9x_ylloRtDeglSQKUUg,El Charro Cafe,"Restaurants, Mexican"
Qz3C8vNPH13ao-D4VE5DoA,Los Betos,"Leather Goods, Shopping, Food, Fashion, Restaurants, Tacos, Grocery, Salad, Mexican, Desserts"
NTQSnuc6kMEIEEz2TCVNEA,Carniceria La Noria,"Mexican, Grocery, Food, Butcher, Restaurants"
xNZMbdl8ga_wjBPFMZOsyQ,Guadalajara Original Grill,"Restaurants, Mexican"
mwUCZ-4ClEqKOZ5Cx8dc8Q,Sir Veza's Taco Garage,"Restaurants, Mexican, Nightlife, Bars, Tex-Mex, Sports Bars"
HjfAqGE0rzkcECPywywC1Q,Zendejas,"Ethnic Food, Specialty Food, Food, Restaurants, Mexican"
tV46IhCfHbsx_af-pMupiw,Cafe Poca Cosa,"American (Traditional), Restaurants, Mexican, Latin American"
ltmenUcFgNv7fPOU2BiwKw,El Minuto Cafe,"Food, Restaurants, Mexican"
5HuizbEg6qAIFwE9OAIxbQ,Cocteleria La Palma Mariscos Y Mas,"Restaurants, Seafood, Mexican"
C-9LDLDx0n2_3VPddBsGwA,Tucson Tamale Company,"Mexican, Gluten-Free, Vegetarian, Restaurants"
9hfN2Us2rg8wQTsMX_zTkA,Taqueria El Pueblito,"Latin American, Food, Restaurants, Mexican"
2BeLHWA5CVN9TiiVkVVxQg,Taco Giro Mexican Grill - W Valencia,"Beer, Wine & Spirits, Seafood, Food, Cocktail Bars, Bars, Nightlife, Restaurants, Tacos, Mexican"
TVDgBA0_ziuFfya-dcRCJw,Tequila Factory,"Mexican, Restaurants, Seafood, Nightlife, Bars"
Reuk1p7ZUrLikUjzv70jYA,Tanias 33 Mexican Food,"Breakfast & Brunch, Vegetarian, Vegan, Restaurants, Mexican, Soup"
BbwN6GeKWxvgWaqXdFWokw,Mariscos Topete's Sea Food,"Seafood, Mexican, Food Stands, Restaurants"
VrC_Gt1zNWXcQII4vXUUuw,Tortuga's Tacos & Tortas,"Restaurants, Mexican"
3ekiu6SPjwXvrizZymMqbg,Delicias Mexican Grill,"Restaurants, Mexican"
FNmbZ_kJIq3hnuQ6hy3E-g,Roberto's Mexican Kitchen,"Restaurants, Mexican"
_umVyfHrU42z4Mak-ixCmA,Filibertos,"Restaurants, Mexican"
qftbJ--kQU0jqmn4nNaqDA,Big Juan's,"Mexican, Restaurants"
6GeezpXz_jYeVnt450fOKg,The Garage on 4th,"Bars, Nightlife, Tacos, Sandwiches, Burgers, American (Traditional), Restaurants, Pubs, Mexican"
9zOvOmU2O6WDmhbwrc-QmQ,Mr. Baja Fish,"Restaurants, Seafood, Mexican"
gmYNsG1R5u3e3FueeowAEg,Filiberto's Mexican Food,"Mexican, Restaurants, Breakfast & Brunch"
5zvzRSpiHd4p30idGRaomQ,La Botana Tacos,"Event Planning & Services, Tacos, Tapas/Small Plates, Breakfast & Brunch, Caterers, Vegetarian, Mexican, Restaurants"
s8TE6aXrwEQmODAmYlguUA,Riliberto's Fresh Mexican Food,"Mexican, Restaurants, Breakfast & Brunch, Salad"
OIGWeqqmbLUkbs2GmJSuvA,Villa Mexican Food,"Mexican, Wine Bars, Nightlife, Restaurants, Bars, Beer Bar"
20m52kISMU-pXPGDIuez2Q,Epazote Kitchen & Cocktails,"American (New), Cocktail Bars, Restaurants, Nightlife, Mexican, New Mexican Cuisine, Tex-Mex, Bars, Wine Bars"
wLcQnDmCGe-DZY3gZY6myg,Tacos el Velvet Elvis,"Street Vendors, Food Trucks, Food, Mexican, Restaurants"
T9ipW3BH2_wTUNEGOBpYVQ,Taco Bell,"Restaurants, Breakfast & Brunch, Tex-Mex, Mexican, Tacos, Fast Food"
Jcm-2RZWIcF0E4V6kekBsQ,El Chinito Gordo,"Restaurants, Mexican"
7YYP4htx_BMjPw38OB98kg,Jack in the Box,"Tacos, Burgers, Breakfast & Brunch, Mexican, Restaurants, Fast Food"
XnKEQBo8X5zgCUP54XRNLQ,ChickeNuevo,"Mexican, Restaurants"
tZxUvQk9v2zR7Qdaijwddw,Gigi's Mexican Peruvian Fusion,"Restaurants, Food Trucks, Mexican, Food, Peruvian"
VFtJll73nuPaWdzYNtT61A,Boulevard BBQ and Fixins,"Restaurants, Barbeque, Tacos, Bars, Burgers, Nightlife, Mexican, Beer Bar, American (Traditional)"
PPyZorgUzlfnrSi90VEG2Q,Nico's Taco Shop,"Mexican, Restaurants"
nP36fO128PncgslU-KN8PQ,Los Betos Mexican Food,"Restaurants, Mexican"
Nz5eRRkTK1RGEjUlJojRQQ,El Taco Tote,"Restaurants, Mexican"
plYw0lBpAIBdwqH8FY1H_A,Casa Molina,"Mexican, Latin American, Restaurants"
9-VA_4nL0QfvhO8LMcBIfA,Michoacán Taqueria Raspados,"Restaurants, Food, Shaved Ice, Mexican"
dLdvwa6Dc0ZofiWk-0KUPg,Costa Vida Fresh Mexican Grill,"Fast Food, Restaurants, Tex-Mex, Salad, Mexican"
XYFu64UPMMfoOlGTz3J4fw,Viva Burrito,"Restaurants, Mexican"
AdketR6jJTXBVZf1poPpSg,Ensenada Street Food,"Mexican, Tacos, Restaurants, Food Trucks, Food"
008FLyatMEsZzmmKALIgDg,Seis Kitchen,"Restaurants, Mexican, Caterers, Event Planning & Services"
wpHrK6z6eNwG0k9Ke5q8sQ,Beef Master Meat Market,"Mexican, Butcher, Specialty Food, Restaurants, Meat Shops, Food"
SNyokPrViMBVOqRNWnAwSA,Jason's Mexican Food,"Restaurants, Food, Mexican"
xO87Jp6QOLFIPmoVKSJb5A,Taqueria El Rapido,"Mexican, Restaurants"
ocjotK9u5F3E4CVXD_iNPw,Salsa Verde Restaurant,"Restaurants, Mexican"
oKLzjvat9FGUGpGleIz7eA,Jack in the Box,"Fast Food, Burgers, Breakfast & Brunch, Mexican, Restaurants, Tacos"
hiVEYICpbE4hV_LMZpMY6g,El Burrito Patio Restaurant,"Restaurants, Mexican"
0mNtUn-iQyn47cmnZ9mx8g,El Rio Bakery,"Food, Mexican, Bakeries, Restaurants"
AeYR578gDQUm8qzeMnj3AA,Monster Sonoran Hot Dogs,"Mexican, Restaurants, Street Vendors, Hot Dogs, Food"
ovO6bjl0GGovNW7kkVz_HA,Quick Subs & More,"Mexican, Restaurants"
ts87cjqEKEGnYeFnRwM4Tw,Plazita Mexico Cafe,"Restaurants, Mexican, Breakfast & Brunch"
s2GPXV30E17juvBRpv3YGw,Bernardo's Mexican Food,"Mexican, Restaurants"
mtr3ZUFczIVDbSECJ_mW9w,Taqueria El Rapido,"Mexican, Tacos, Restaurants, Food Stands, Food Trucks, Food"
JVXlIbdFZOscTtO3BDgQhQ,Topopo's Mexican Grill,"Restaurants, Mexican"
c3l9FEnCxH0zf8EypiR61A,El Patio,"Mexican, Breakfast & Brunch, Restaurants, Italian"
-zH42-1AauJru4EF-s7Rgw,Abuela's Cocina Mexicana,"Bars, Restaurants, Nightlife, Latin American, Mexican"
g7tezXh4u5igUZrqMSOzEQ,Casa Sanchez-Mom's Mexican Food,"Restaurants, Mexican"
CeMnmX-jTBUjfM05TdErpg,Sabor,"Restaurants, Mexican"
D5LJiGl3rJpO7eMSpZPIRg,Jalisco Restaurante,"Mexican, Restaurants, Breakfast & Brunch"
x3pTbsABLypwEoTdwQOmSg,El Molinito Restaurant,"Event Planning & Services, Caterers, Mexican, Restaurants"
jxouzim2QaotZa3DYZLweg,Chipotle Mexican Grill,"Restaurants, Fast Food, Mexican"
LZzDvgfpkd4nI3E4L9wF1w,El Charro Cafe,"Tapas/Small Plates, Desserts, Cocktail Bars, Nightlife, Bars, Tacos, Mexican, Food, Restaurants, Salad"
KmZuIc9o_PL2BW8j_7gy7w,Reforma Modern Mexican Mezcal + Tequila,"Restaurants, Tacos, Latin American, Bars, Mexican, Breakfast & Brunch, Cocktail Bars, Nightlife"
_42k0tj-oseoViaTEWb-Dw,El Indio,"Mexican, Restaurants"
F7YS-l6nPkuFMD5nO_QIow,Fito's Taco Shop,"Mexican, Restaurants"
4cW2x-R0QgsGHliDXbDj1g,Deliciocho,"Restaurants, Food, Shaved Ice, Mexican"
n4AbLQ7cm8VxeUuRhzZW9w,Jason's Mexican Restaurant,"Restaurants, Mexican"
P2JRLMUIcW5dLFfuWWmkBA,Abuelitas Taqueria,"Mexican, Restaurants"
cef0ZciVTEqPtNIEwakO7g,Totopos Mexican Grill,"Mexican, Restaurants"
-CbBGlrmddJsaruk6LdI6A,La Placita Cafe,"Salad, Restaurants, Mexican, Soup"
h92MBD02Dmx6d5rAdXQgIg,La Bocanitas,"Mexican, Restaurants"
g5J3EkiaC1AggoxVeXC6xA,Illegal Pete's - Tucson,"Bars, Mexican, Nightlife, Breakfast & Brunch, Restaurants"
rEeNRMhsz_XMoyFHhcLhxw,La Chingada Cocina Mexicana,"Restaurants, Breakfast & Brunch, Mexican, Diners"
8P5wSj-51aqqc-jC31RK9g,Filiberto's,"Mexican, Restaurants"
AVBqx8FaXza6x-bb_FLOTQ,Anita Street Market,"Food, Grocery, Restaurants, Mexican"
MGCCvJLSdGRgW8HJPWmimw,Chuy's Mesquite Broiler,"Mexican, Restaurants, Caterers, Barbeque, Event Planning & Services, Tex-Mex"
yGGuxggHL26qQ0LXO0wg-Q,Chipotle Mexican Grill,"Fast Food, Mexican, Restaurants"
LFUndZacUo5keXKHNPk-vQ,Rosa's Mexican Food Restaurant,"Mexican, Restaurants"
7stknIh9GW-3sUK8zhv5Ow,Crossroads Restaurant,"Seafood, Restaurants, Mexican"
enXvNN8pFfz76KT1PZFlPQ,Pollo Feliz,"Restaurants, Mexican"
vtR2MjFToKkclbUX5DuhlQ,Elvira's,"Nightlife, Bars, Mexican, Restaurants"
KBU4gSoC8LyXzN3ogHDyDA,Sahuaro Cafe,"Mexican, Restaurants, American (Traditional), Breakfast & Brunch"
cvo-WCqsMy4OGja8IP9y6Q,La Fuente,"Bars, Restaurants, Nightlife, Mexican"
Klpb4jqrgCBX9_BnBmkz8g,BK Tacos,"Restaurants, Tacos, Mexican, Hot Dogs, Breakfast & Brunch, Food Stands"
xfMj6vqt4uI8Zu4I08wutw,Lo Esencial,"Restaurants, Mexican"
RFWr4uwiVlttlw9MkfDyNg,La Hacienda Family Mexican Restaurant,"Mexican, Restaurants"
UjUrVT2_vI6X8E08RBRnOA,Aqui Con El Nene,"Restaurants, Mexican"
QW42cH9KsQQ2KR3LOMQ3xw,Carl's Jr.,"Mexican, Restaurants, Fast Food"
JX-LgasQBcGkEW2zzoOLVA,Salud Oyster Bar & Grill,"Food, Beer, Wine & Spirits, Mexican, Seafood, Restaurants"
RNNw-lY0AnDSUDIudLcbbA,Raspados La Nina,"Food, Ice Cream & Frozen Yogurt, Mexican, Shaved Ice, Restaurants"
l_NqE_IHW79Ka-yd6FkQaQ,GRINGO grill + cantina,"Mexican, Restaurants, American (New), Spanish"
dh5f-63H_B1frtfjnuzooA,El Saguarito,"Mexican, Restaurants"
67S8VXb0asIGfNh2-s3ARg,Taco Stop,"Caterers, Event Planning & Services, Food Trucks, Food, Restaurants, Mexican"
RHdEScVIAQ7xzFFMiQEnAQ,The Quesadillas,"Tacos, Restaurants, Mexican"
vQTFffd8OFO8PN94NkQXKw,Goyita's,"Nightlife, Cocktail Bars, Restaurants, New Mexican Cuisine, Bars, Food"
h4CPgWdrG9ejSgaAOOCEaw,Chipotle Mexican Grill,"Restaurants, Fast Food, Mexican"
Ocp5q7JgqoK4hmfotLc4JQ,Mariscos Chihuahua,"Restaurants, Mexican, Seafood"
w9qspQrfRx2Y_m53dIpK7g,Papa Locos Tacos and Burgers,"Mexican, Restaurants, Breakfast & Brunch, Burgers, American (Traditional)"
FosMoRf6vWCVt5BRoZELQA,AJ's Sushi Bar,"Sushi Bars, Mexican, Restaurants"
U782dba0FoFLi3cmXbo88Q,"Guadalajara Grill - Mexican, Best Mexican Restaurant in Tucson","Caterers, Tex-Mex, Event Planning & Services, Seafood, Food, Restaurants, Mexican"
dreCjzKBp6ZEJTwpL3pQOQ,Viva Burrito,"Restaurants, Mexican"
PQLgzcngJCGQOb32fcz94g,Taco Giro,"Beer, Wine & Spirits, Mexican, Food, Bars, Ice Cream & Frozen Yogurt, Hot Dogs, Nightlife, Seafood, Restaurants"
iOFbMitGdfU6i5xm4nZ8Ww,Blue Willow Restaurant & Gift Shop,"Cards & Stationery, Event Planning & Services, Food, Bakeries, Flowers & Gifts, Nightlife, Breakfast & Brunch, Cocktail Bars, Bars, Shopping, Vegetarian, Gift Shops, Cafes, Beer Bar, Mexican, Gluten-Free, Restaurants, Wine Bars, Arts & Crafts, American (Traditional), American (New), Souvenir Shops"
PzncBMh2G3-EjmggfNxl2g,Nico's Taco Shop - Tucson,"Restaurants, Fast Food, Mexican, Breakfast & Brunch, Food"
yw3v00y3vQBro8vP25Qebg,Carl's Jr,"Fast Food, Restaurants, Mexican, Burgers"
fp_SXpuPXtYySgxsNxG8zg,Taco Bell,"Restaurants, Fast Food, Tex-Mex, Mexican, Tacos, Breakfast & Brunch"
vr1I1RkSL-m6c-LCAd3O7A,HiFalutin Rapid Western Grill,"Nightlife, Mexican, Barbeque, American (New), Comfort Food, American (Traditional), Sports Bars, Southern, Bars, Restaurants, Steakhouses, Breakfast & Brunch"
gfLsBY-xsNE9-ktiTvTvGA,El Charro Cafe,"Cafes, Food, Restaurants, Mexican"
0646KeN8uvNifEr6Y2cyaw,El Chilito Fish-N-Chips,"Seafood, Mexican, Tacos, Chicken Wings, Fish & Chips, Restaurants"
t9RnIkvyRMFi4AgBvEv16A,Taco Bell,"Restaurants, Breakfast & Brunch, Tex-Mex, Fast Food, Tacos, Mexican"
Vsu5oklNtbxpM7ycMBsVyg,Pollo Feliz,"Mexican, Food, Restaurants, Salad, Chicken Wings, Desserts"
kMlSBzyq8uX1UfyhlGowRg,El Torero,"Mexican, Restaurants"
PDX-urhRejDu_-uq6US6xg,El Taco,"Restaurants, Mexican"
AbeWP7_Vxhp45I9IPZ7Otg,Mosaic Cafe Dos,"Food, Restaurants, Mexican"
ylOEXPM_BRubwzzFeP_-OA,Carl's Jr,"Mexican, Burgers, Fast Food, Restaurants"
USKBjFZ6rR4MgycpavF5Ag,The Taco Shop,"Mexican, Restaurants"
L5au-8jxTj5WUhiYNCpnXg,Fork & Fire,"Food, Mexican, Restaurants, Barbeque, Event Planning & Services, Caterers, Food Trucks, Tacos"
AGIKrqh1uMzY-IVsMo7bWQ,Betito's,"Fast Food, Mexican, Restaurants"
YMBW51_613HJ5ExUgYOR5Q,Cafe Bonita,"Mexican, Restaurants"
XACJyX9QZnRA0FrK1-vWqw,San Carlos Grill,"Restaurants, Mexican"
_ZmS8g4F2nsOw24hyXcM_w,Restaurante y Cenaduría El Quino,"Tex-Mex, Restaurants, Seafood, Mexican"
UhIvRYEzM4yxLzGMdAqu4A,El Charro Cafe,"Mexican, Restaurants"
OyUO5U6YDfG66rt7Lv3QhA,Jack in the Box,"Fast Food, Restaurants, Burgers, Breakfast & Brunch, Mexican, Tacos"
lC0_e8F1zAstzhj-O3eQZg,Martin's Comida Chingona,"Mexican, Restaurants"
r17L7AdFR4A9BUoWzv2POw,Taco Giro,"Mexican, Seafood, Soup, Restaurants"
BO4xRRLb2hblJWRI5MNAPw,Tio Will,"Sports Bars, Mexican, Bars, Restaurants, Nightlife, Tacos, Chicken Wings"
3XBNWli9aU4Db9gOsCvWlA,Jack in the Box,"Fast Food, Restaurants, Breakfast & Brunch, Mexican, Burgers, Tacos"
BKlb-rdFf0x_YoefA019lw,Dona Alicia Mexican Food,"Restaurants, Food, Food Trucks, Mexican"
Twgpf9N04OBKJt_veEYj1w,Chuy's Mesquite Broiler - AutoMall,"Restaurants, Tex-Mex, Sports Bars, Mexican, Nightlife, Bars"
a9MzHqE4l7uwr_H_99wFbQ,Del Taco,"Restaurants, Mexican, Fast Food"
eb4QwETR0zK4De-ar8XO6Q,Nana's Kitchen,"Mexican, Nightlife, Restaurants, Breakfast & Brunch, Food, Bars, Beer, Wine & Spirits"
kqJFht2-rPBgsMaHXpG9-A,Amelia's Mexican Kitchen,"Bars, Beer Bar, Restaurants, Mexican, Cocktail Bars, Nightlife"
uSIGgRScZmpWlEcHtoaWlA,Blanco Tacos + Tequila,"Tex-Mex, Event Planning & Services, Cocktail Bars, Venues & Event Spaces, Restaurants, Nightlife, Vegetarian, Tacos, Mexican, Bars, Gluten-Free"
fjLJhvR3aGd812OsMcziCQ,Chipotle Mexican Grill,"Restaurants, Mexican, Fast Food"
6afF6p9H4jZSQ3X8mfss5Q,Taco Bell,"Tex-Mex, Restaurants, Breakfast & Brunch, Fast Food, Mexican, Tacos"
4r6N_Fhiwoqo_FqQ7Mm6mQ,Boca Tacos Y Tequila,"Restaurants, Beer Bar, Nightlife, Lounges, Latin American, Bars, Mexican"
QYMYtbOAfauqobOvC04gMA,Taco Giro,"Restaurants, Mexican, Seafood, Breakfast & Brunch"
So20ueL9qAIpV6FIwUtlKA,El Checo Mexican Food,"Mexican, Food Trucks, Food, Food Stands, Restaurants"
IlXR6D01RkziCNZ1ExiFng,Asadero y Taqueria Sonora,"Restaurants, Mexican"
Y3eA4fZ9R9DPsAoCazpdEw,Viva's Bistro,"American (New), Burgers, Restaurants, Bars, Sports Bars, Nightlife, Mexican"
7tIXaWRqW7vYWMnoXQhDTw,Chipotle Mexican Grill,"Mexican, Fast Food, Restaurants"
RrLrKSJwdoLXV1DNhVZFOg,Maria Bonita Mexican Kitchen,"Food, Restaurants, Mexican"
K_8YsBq1YpWswAuPO7BLVg,Sonoran Delights,"Restaurants, Specialty Food, Ethnic Food, Mexican, Shaved Ice, Ice Cream & Frozen Yogurt, Food"
LElUci-oferIH1c19_PdHA,Mexico In Season,"Mexican, Vegan, Vegetarian, Restaurants"
E2V119PbWj8qB_ma-AQBhg,La Mesa Tortillas,"Mexican, Restaurants"
xNd_x23g7wiGAjmm5HXfPA,Poco & Mom's,"Restaurants, American (Traditional), Diners, Mexican, Breakfast & Brunch"
q0L1bP7f5Nd6m1Eq8pD0GA,Rancho Rustico Restaurant,"Restaurants, Mexican"
bnHd8rTh3CFcxeHCxpYjDw,Fatdogs,"Mexican, Fast Food, Hot Dogs, Restaurants"
Ph3JMW-vFSA0-qbhywD38A,Viva Burrito,"Restaurants, Mexican"
S3aHwOMwJXfsUEQrBAXSSQ,Las Cazuelitas,"Mexican, Restaurants"
6ccvTPhcwC-B37eIlqA8fw,Les-Paul Lounge,"Cafes, Restaurants, Nightlife, American (New), Mexican, Barbeque, Bars, Breakfast & Brunch"
W4lBP3lqY4dURJJ1RnzLnQ,Taco Giro,"Mexican, Restaurants"
KuVtxfIJu4qRscngMsVcxg,Fini's Landing,"Caribbean, Beer, Wine & Spirits, Food, American (New), Seafood, Mexican, Restaurants"
gdblKQ6YeyUWPXYncYvmbQ,Jack in the Box,"Restaurants, Burgers, Fast Food, Mexican, Breakfast & Brunch, Tacos"
5XtuUFM1f1hIehVd9SbYSg,The Dogout,"Restaurants, Mexican, Food, Hot Dogs, Tacos, Food Trucks"
mtjU2H7EbvkJ0gGjC8yG1A,Denny's,"Breakfast & Brunch, Mexican, American (Traditional), Restaurants, Diners"
L4xwp0LurbXTmhkCDFkWcA,Mi Ranchito Restaurant,"Mexican, Restaurants"
oHGPTi_BMJGOuAQqhOa0Qw,Crispy's Fish-n-Chips,"Fish & Chips, Restaurants, Chicken Wings, Mexican"
ZQGWsMNpH6OT6ZC2q_HMjw,Chipotle Mexican Grill,"Food, Fast Food, Restaurants, Mexican"
aJB-yCUFV1fREG7-Z1J5Zw,Tooley's Cafe,"Breakfast & Brunch, Mexican, Restaurants"
TFzKrlAKIz7h_TAgLaDW0w,Saga,"Mexican, Japanese, Sushi Bars, Restaurants"
G4rgfDp5pltixiUDblEUvg,Ramiro’s Mexican food,"Mexican, Restaurants"
dBlKS0XZqASS_s3xT6iiuA,Rubio's,"Caterers, Seafood, Fast Food, Event Planning & Services, Salad, Mexican, Restaurants"
mQ5YGAwfV-17zsZs70w-JA,DD'S Mexican Seafood and Grill,"Juice Bars & Smoothies, Food, Mexican, Seafood, Restaurants"
rNY5xg0FZSBopfmi-QZ_NA,Lerua's Fine Mexican Food,"Restaurants, Mexican"
AtOzkUYo7txDHbC5U1mUEA,Nicos Taco Shop,"Restaurants, Mexican"
QQoecfAQTiK9_lS17mRB0Q,Paradise Aqua Frescas,"Food, Desserts, Mexican, Restaurants"
ZiWPJfcHiR28sVhf5K6P0w,Los Bertos,"Mexican, Restaurants"
ma9zcqAdxJpMdeg5-UGNLw,DoubleTree by Hilton Hotel Tucson - Reid Park,"Food, Restaurants, Mexican, Hotels & Travel, Event Planning & Services, Specialty Food, Hotels, Steakhouses"
eR44gUajtqCnVECnjh7Ynw,Karamelo King,"Restaurants, Food Trucks, Mexican, Hot Dogs, Food Stands, Food"
_uDhUdcNBtgiOXPGPWunoQ,Taco Fish,"Restaurants, Seafood, Mexican"
YbwLfwNsov6FrP3ZaOOkww,Mariscos Culichi,"Restaurants, Seafood, Mexican"
-B6fyJ8PoAMr_mH5VGaPjA,Percheron,"Restaurants, Food Trucks, Food, Mexican"
JCNd5pF0GvSARbppJlrscA,Los Nopales Mexican Restaurant,"Restaurants, Mexican"
Rv8bW3pkzpi5dZu5ckbgtA,Guadalajara Original Grill,"Bars, Seafood, Breakfast & Brunch, Mexican, Nightlife, Restaurants"
lZFln6-wqFGEvagTe-7Kog,Viva Burrito,"Food, Mexican, Ethnic Food, Specialty Food, Restaurants"
JykoUULAfF60rAp3gjlvVw,Mariscos Chihuahua,"Mexican, Buffets, Restaurants, Seafood"
4jkH3istYst8zxLxb-QVmg,La Parrilla Suiza,"Mexican, Restaurants"
14QP5lOdrTAVVCDDuHIAUg,Tucson Tamale Company,"Restaurants, Gluten-Free, Vegetarian, Mexican"
5nOTwLs2lCpsFwZzHA6Hvg,Rubio's,"Fast Food, Caterers, Seafood, Mexican, Salad, Event Planning & Services, Restaurants"
JJdHznAJncfYldJDSsM8wA,Taco Bell,"Mexican, Tex-Mex, Fast Food, Restaurants"
qLzN8JgKvFWhetyyDhdTzg,Chipotle Mexican Grill,"Fast Food, Restaurants, Mexican"
LwtdXwu4Hkl_Vj82dyUmgg,El Potosino,"Mexican, Restaurants"
I9JC-IV5AZzL7x0BzJqOug,Rubio's,"Seafood, Mexican, Fast Food, Event Planning & Services, Caterers, Restaurants"
VqBFrv6StMLgZmO_nCtk4A,Nico's Taco Shop,"Mexican, Restaurants"
_98csRGckqIKkWy89T881g,Toto's Tacos Restaurant,"New Mexican Cuisine, Hot Dogs, Tacos, Mexican, Restaurants"
HAQiLrZ6Yb2-_x-YRn2aXg,Filiberto's,"Mexican, Restaurants"
o3woQWQ-0HxFftItIEeNdw,El Rustico,"Tacos, Mexican, Restaurants"
5UFDcAVRpBt0n6OonwEhZg,El Amigo,"Food Trucks, Mexican, Restaurants, Hot Dogs, Food"
3USsaqu_Dm2NeAJoW6r6_w,Taco Bell,"Restaurants, Mexican, Tex-Mex, Fast Food, Tacos, Breakfast & Brunch"
omeX3sbIEnyijtFRPBauXg,Cafe Santa Rosa,"Local Flavor, American (Traditional), Mexican, Restaurants"
JOZ43EpsSvvP63cdPpieOw,Taqueria El Gallo De Sinaloa,"Food Stands, Mexican, Restaurants"
CjpKgezPuAOIu4IfO9v-_Q,El Dorado Tortilla Factory Restaurant,"Mexican, Restaurants"
zaN2UrXXG2obOSImx7_DTQ,Alejandro's,"Mexican, Restaurants"
16CRZwuCmHtOhEao62H-jg,Chickenuevo,"Restaurants, Mexican, Spanish"
RRcpqq6D4WS4jZ3HK8tckQ,The Taco Shop Company,"Restaurants, Fast Food, Mexican"
44klPO-2HedNmQc-LMg5jQ,Chipotle Mexican Grill,"Restaurants, Fast Food, Mexican"
TqCKiDAs6r4GSo41QHlCHw,The B-Line,"Breakfast & Brunch, Mexican, American (Traditional), Restaurants"
_UnBYJHwRPtP7pk07knA2g,Taco Bron,"Mexican, Food, Restaurants"
jyMDwalzMA7xcETWrQpOqw,Mr Toro Carniceria,"Butcher, Specialty Food, Food, Mexican, Restaurants"
LQgCCHnqNOurEEjrqns2YA,Casa Valencia,"Restaurants, Mexican, Seafood"
jNWIn3nQocGSouT7SwCE0w,Baja Dogs,"Restaurants, Hot Dogs, Mexican"
hPxeshyaUwDYOz-V7tWDQA,Frank's,"Restaurants, Mexican, Diners, Breakfast & Brunch"
mxam6ZzXg_ZSTSFPDJEpFA,Taco Bell,"Tex-Mex, Fast Food, Tacos, Restaurants, Mexican, Breakfast & Brunch"
L264ryISA13SRLasBDXmHg,Nicos,"Restaurants, Mexican"
8aw1EB02nBK8SaphH2DFGw,Wooden Nickel,"Bars, Burgers, Mexican, Dive Bars, Tacos, Nightlife, Restaurants"
-0G_6-KFGpCpxTUlVXCMYQ,Gio Taco,"Restaurants, Mexican"
M7d6q4l_kn0KeBo_g9YReg,Casa Sanchez,"Mexican, Restaurants"
7u68SlaFWfF_bUHQrJtGmQ,El Pollo Loco,"Restaurants, Mexican, Fast Food"
HoCO8CHjAPZWP4P2PoTcZg,Javelina Cantina,"Mexican, Nightlife, Pubs, Event Planning & Services, Restaurants, American (Traditional), Bars, Tex-Mex, Hotels, Hotels & Travel"
IvrWkkd7B4Pe78uvrW6vzA,El Molcajete Restaurant,"Mexican, Restaurants"
zgClnCzcLl1gzUeKFaJAhg,Jack in the Box,"Restaurants, Fast Food, Burgers, Breakfast & Brunch, Tacos, Mexican"
aRF_msn--nbX2LPIbb13FQ,El Parador,"Restaurants, Mexican"
_jhBtG_3EGSpSE48K7iO5Q,Carlota's Authentic Mexican Cuisine,"Restaurants, Mexican"
LjNlzq5Q2Ap1Ax7pWjh9OQ,Miguel's,"Mexican, Restaurants"
sSp55hOb7AKigimgzbCMUg,Nico's Mexican Food,"Mexican, Restaurants"
dC9S-nqSiO2C9aB4ZLI98g,Taco Bron,"Mexican, Restaurants"
rzNrrKytTCeu7bbdwcsl7A,Macayo's Mexican Restaurants,"Mexican, Restaurants"
OxBZqeYH5xuusEPp9ml7-g,El Guero Canelo,"Mexican, Hot Dogs, Restaurants"
KISVq91dUQLa75m8IqY66g,Americano Mexicano,"Fruits & Veggies, Mexican, Restaurants, Specialty Food, Ethnic Food, Bars, Nightlife, Cocktail Bars, Juice Bars & Smoothies, Food, Food Stands"
5gGLaMLatEP_Cm3y_Isdkw,El Gorrion,"Mexican, Restaurants"
cWCwAkjQxher9oYylYO8sQ,Mariscos Chihuahua,"Restaurants, Mexican, Seafood"
a_oRfgkNFnulTada--P_Tg,Sonoran Brunch Company,"Restaurants, Mexican, Breakfast & Brunch"
ALccdKgIxLKsi--aBprIkg,Nico's Mexican Food,"Mexican, Restaurants"
PcZ00r97wYVYfvzpc9VEWA,Garage on 4th,"Sports Bars, Food, Bars, Nightlife, Mexican, American (New), Restaurants, Gastropubs, Beer, Wine & Spirits, Breakfast & Brunch, Pubs, Tacos"
1H7tQr5ntTm2Gm9LDIV2tA,Mr Baja Fish,"Seafood, Mexican, Restaurants"
IlxIkuFaAE6NMovlPZgr8A,Buenavida - tucson,"Mexican, Coffee & Tea, Restaurants, Food, Latin American"
qBtJsOr0xybAvR54tmBEjw,Filibertos,"Restaurants, Mexican"
sfOsBQzmxnqal8N_PfwpJQ,Juice N Fruit Raspados,"Restaurants, Juice Bars & Smoothies, Food, Mexican"
pSl8qRwaDYvVWDWbaOuLcg,Benny's Restaurant,"Soup, Breakfast & Brunch, Mexican, Restaurants"
nXUfI8_N0cSh5rlYjaOx4g,Carniceria los Vaqueros,"Mexican, Food, Specialty Food, Grocery, Restaurants, Meat Shops"
d26VEnmSq_r2wJ35L9RYUw,Little Mexico Steakhouse,"Mexican, Restaurants"
YX5GAkgoHcjMnAZW-4kKoA,Milagros Cafe,"Mexican, Restaurants"
BtI1DC4SV1PxfPKNs2utnw,Taqueria Y Raspados Jason,"Street Vendors, Restaurants, Food, Hot Dogs, Mexican"
50s2RbJMKAMqFGO4wFszJw,Valeria's Comida Mexicana,"Restaurants, Mexican, Food, Food Trucks"
Q2ClPH3hU17sI6TLmOp5Aw,Guadalajara Mexican Grill,"Restaurants, Mexican"
EeOCDFhDan9D-c9hyKhpnQ,El Beto,"Restaurants, Mexican"
W-qxgFKtw8TlibinTp5cYw,Momo's,"Restaurants, Tacos, Nightlife, Mexican, Bars, Beer Bar, Sports Bars"
rUHBwfki2NOnZlx6K6qNpA,Tacos Del Rancho,"Mexican, Cocktail Bars, Bars, Beer Bar, Tacos, Restaurants, Nightlife"
pPczmG8ZLUqZ4CD0IJiVVQ,Julioberto's,"Mexican, Restaurants"
29Ok6gZ4JWBKshs0R0M-ZQ,El Cisne Restaurant,"Mexican, Bars, Breakfast & Brunch, Restaurants, Nightlife"
H8sMOMClc3d90UMv-JsMHA,La Olla Mexican Cafe,"Restaurants, Mexican"
Ax0yLmYxBVNe3L32d3PJ-A,Betitos Taco Shop,"Mexican, Restaurants"
h8TJV8clolcjqp9aFV4OjQ,Sunny Daze Cafe,"Diners, Tex-Mex, Cafes, Breakfast & Brunch, Restaurants, American (Traditional), Mexican, Burgers"
flhsth8MqAXJnKfqwuW0_g,Leo's Real Mexican Food,"Mexican, Restaurants"
tjNrQthf5RY-YjNwY0nW9w,Chuy's Mesquite Broiler,"Restaurants, American (New), Mexican, Salad, Tex-Mex"
8Zn_QmioC3ySnQhvg-8D8A,The Taco Shop,"Mexican, Restaurants"
sG3z318dPnG7zyujS_eqKQ,La Salsa,"Restaurants, Mexican, Food, Tex-Mex"
yZwlpIhzVRxVdbIkuw9-VA,The Kitchen,"Mexican, American (New), Burgers, Restaurants"
bkpS0H3igTwHPaBemnkdOg,Pinches,"Mexican, Restaurants"
WHW-fLxXL3rCfqEptnucNw,Los Betos,"Mexican, Restaurants"
jqnu1c9qrUXDOGSWwgnOFA,Nico's Taco Shop,"Restaurants, Mexican"
Qv-LXEAx6KYEWjXSqTBvAw,Jack in the Box,"Burgers, Tacos, Breakfast & Brunch, Fast Food, Restaurants, Mexican"
u6P6I5PZnSlnILY5nFWBJA,Calle Tepa,"Beer, Wine & Spirits, Mexican, Food, Restaurants"
_OxtWf7PXv3O_IbveYk9oQ,La Garrafa,"Mexican, Food, Restaurants, Ice Cream & Frozen Yogurt"
rro2hWuIkkfgI3OpttpkzQ,Mariscos El Bochas,"Restaurants, Mexican, Seafood"
yLARx5AAIRQhMIINW-g3Mw,Carl's Jr,"Mexican, Restaurants, Burgers, Fast Food"
nEaTbGFlU7d9eLU2kl6KBw,Taqueria El Pueblito,"Mexican, Latin American, Restaurants"
uBv7xHdxbl7n4lKs5hvs7w,Viva Burrito,"Restaurants, Mexican"
79sRRGDXhjRvxvBkQ4W9CQ,Jason's Mexican Food,"Restaurants, Mexican"
T0kwOTpLqPYqaDl2huYOvA,Taqueria Alamos,"Tacos, Food Trucks, Food, Restaurants, Mexican"
xzXcBF-2_JmIlfqYzxM9nw,Pirata Luchi,"Seafood, Restaurants, Mexican, Cajun/Creole"
boDCs6rfxOA-0NYYmqdE-A,Carnitas La Yoca,"Restaurants, Mexican"
UVzAz-7WMmore8HX7D21FQ,Los Betos,"Mexican, Restaurants"
YKQc1IpoaBfIEyMQCisZ6Q,MaFooCo,"Street Vendors, Korean, Food Trucks, Restaurants, Mexican, Food"
T78DNDCb78-CNDkFlM1z0g,Los Betos Mexican Food,"Mexican, Restaurants"
FRVFSMoQ4OLVfN5yEd-qiw,Casa Valencia,"Mexican, Seafood, Nightlife, Restaurants, Cocktail Bars, Bars"
nP9ORQplu0mX3JQlm4kygA,Baja Mar Mariscos Y Cahuamanta,"Restaurants, Mexican, Seafood"
5hyIty7KkRfVE_1gCKbUvw,Delectables Catering and Venue,"Caterers, Mexican, Vegetarian, Burgers, Food, American (New), Venues & Event Spaces, Wedding Planning, Wine Bars, Arts & Entertainment, Pubs, Breakfast & Brunch, Bars, Food Delivery Services, Salad, Restaurants, Desserts, Sandwiches, Event Planning & Services, Party & Event Planning, American (Traditional), Italian, Cafes, Music Venues, Nightlife"
Y9fhmJvqKpoLuThAiLC12A,El Molinito,"Mexican, Restaurants"
lNvF0hh254lyqS4dGcsCOA,San Carlos Grill,"Restaurants, Mexican"
xeEVGmqng-qUtvHY-XaxCg,Totopos,"Restaurants, Mexican"
m4KacRCjN1kbkAIc1NBhdg,Mariscos Mi Mazatlan,"Mexican, Restaurants, Seafood, American (New)"
lHOMopCju4GhwnctY4YPag,Charquitas,"Mexican, Food, Restaurants, Food Trucks"
AJH_WJcOUEbCLxIdaWlmRQ,Perfecto's Mexican,"Restaurants, Mexican"
uHl5Eho9P0NPTnH4tKtN3w,El Taco Tote,"Mexican, Restaurants"
7hxKhNTk2mTF6bNMTwx6pQ,La Parrilla Suiza,"Restaurants, Mexican"
f15Fz0br0RJO6k-BLlqlww,Tucson Tamale,"Restaurants, Mexican"
LzRRTx-b_LJGnP_eiowvhg,Birrieria Guadalajara,"Restaurants, Mexican"
cplvIF2QlLpAKCsv5CRncw,Los Betos,"Mexican, Restaurants"
NQ6v9hMwtfS5mn2a0vQr1Q,Teresa's Mosaic Cafe,"Restaurants, Mexican"
5xDQFNAlW5WalnfqOvUxBQ,Sammy's Mexican Grill,"Restaurants, Mexican"
9EShDFClM3S2D3BC9UZdMg,Paleteria Y Neveria La Michoacana,"Ice Cream & Frozen Yogurt, Juice Bars & Smoothies, Food, Mexican, Restaurants"
fRFNQNoVRDI3YFhiGyqZxA,Nico's,"Mexican, Restaurants"
abmP4I_2mlXu4uM3Gmfgbw,El Perron de Obregon,"Food Stands, Mexican, Restaurants, Hot Dogs"
6ud6RVcQvkOMh3i-di7eKw,Chuy's Mesquite Broiler,"Bars, Tex-Mex, Chicken Wings, Caterers, Event Planning & Services, Restaurants, Mexican, Nightlife"
H03t-5azT0cc2Jh_Pfit2Q,Street- Taco and Beer Co,"Restaurants, Mexican"
4t80VE_TygKa_CRGI6kBMA,Taco Bell,"Tacos, Mexican, Tex-Mex, Breakfast & Brunch, Restaurants, Fast Food"
zC8bTY9IIxVg9S7sTqnzsA,Carl's Jr,"Fast Food, Restaurants, Burgers, Mexican"
ueNdkyU0IO91jEvtZOcr1Q,Sno Cones Sonora,"Shaved Ice, Food, Restaurants, Mexican, Desserts"
k6WUlBpfBWDuYtBijAkUjA,Taco Bell,"Tacos, Restaurants, Tex-Mex, Fast Food, Breakfast & Brunch, Mexican"
ARzkPI1fpPT2Kk0vbcMlow,Papa Locos,"Restaurants, Hot Dogs, Mexican, Burgers"
tLfsZZf6Rn2xSD-_-GvCew,S. Antojitos Salvadoreños,"Latin American, Salvadoran, Mexican, Restaurants"
ClGkMASGsW3IwkvLeRkv1A,Sonora Wings & Seafood,"Mexican, Seafood, Chicken Wings, Restaurants"
nvwtUKh6rBb29rFbC9kq5w,Taco Rico,"Food Trucks, Food, Tacos, Restaurants, Fast Food, Mexican"
Sfc6seMKbgxdY3knAtsinA,Cora's Cafe,"Restaurants, Mexican"
pvGVIQV2F3DJgVbQE-ZCzw,Jason's,"Restaurants, Mexican"
-1w9JMktu9oWTXwNqtZQoA,Sazon El Cebo-Yon,"Street Vendors, Mexican, Food Trucks, Hot Dogs, Restaurants, Food"
I57yd52bG6P253EoDBSbxA,Tacos De Cabeza,"Food, Food Trucks, Restaurants, Mexican"
0ghzROkZWKWwQKDt1fkPAQ,El Guero Canelo,"Mexican, Restaurants"
rmmsGytKxZPQjbtb0DfE-A,Mi Tierra Restaurant,"Restaurants, Soup, Salad, Mexican"
eaNouTpxnIu7M80xdeLxFw,Tequila's Mexican & Seafood,"Seafood, Mexican, Restaurants"
t7N2kb78WucTM3U2RFCJCw,Poncho's Restaurant,"Restaurants, Fast Food, Mexican, Breakfast & Brunch"
WN8icQ2p9_uUZosXg--jNw,Taco Bell,"Sandwiches, Mexican, Tacos, Tex-Mex, Restaurants, Fast Food, Breakfast & Brunch"
ESUwN81iNYvm0yqYCxSivg,Jack in the Box,"Mexican, Tacos, Restaurants, Breakfast & Brunch, Fast Food, Burgers"
Bn89wzlM7Yx0hWWm4sWjKw,El Molinito,"Mexican, Restaurants"
v1MPaMh9QVv_dM8uObIjHQ,Alejandro's Tortilla Factory,"Restaurants, Bakeries, Meat Shops, Specialty Food, Food, Mexican"
kz1y_1ToM0m4hyQE5p0Uqw,Street- Taco and Beer Co.,"Bars, Nightlife, Mexican, Restaurants, Tacos, Beer Bar"
zFWfR5YZIu8JD5Dq3QOw3Q,La Cocina De Gabby Bar & Grill,"Restaurants, Bars, Mexican, Nightlife"
QSM7pFSUYnin1_3kAHGotg,Florentino's,"Italian, Restaurants, Mexican"
NbTNxhZXhPOPUhBFXZ1jLQ,The Blacktop Grill,"Hot Dogs, Food Stands, Nightlife, Mexican, Food, Restaurants, Food Trucks, Bars, Beer Bar, Specialty Food, American (New), Comfort Food"
zdXhmcOnxlqloE6Y_O8Fpg,Restaurant Sinaloa,"Mexican, Restaurants, Seafood"
yVB7Usr55NnaUKs7K6xDTQ,El Berraco,"Seafood, Mexican, Nightlife, Latin American, Cocktail Bars, Restaurants, Colombian, Bars"
UPJ9LxyR9BqVDERteWBEhQ,Jack in the Box,"Tacos, Breakfast & Brunch, Mexican, Burgers, Restaurants, Fast Food"
DA5Mecz4auAhTTlFWNh33Q,La Chaiteria,"Mexican, Tacos, Vegan, Vegetarian, Food Trucks, Food, Restaurants"
IZAEkqtVNomnrIvwCQaDGw,La Salsa,"Mexican, Tex-Mex, Restaurants"
Di55cLPgsiSZGCyYLo7MCw,Viva Burrito,"Restaurants, Mexican"
zGrJLb4j3BoRnWtjAfn87g,Coronado's Mexican Food,"Mexican, Restaurants"
yLlMtg6rpJYy46Q-xLClDA,Taqueria Porfis,"Latin American, Mexican, Restaurants"
EmBa8UWYRwM_3hagkqwtIg,Saguaro Corners Restaurant & Bar,"Restaurants, Tapas/Small Plates, Nightlife, Food, Burgers, Beer Bar, Lounges, Beer, Wine & Spirits, Latin American, Comfort Food, Mexican, American (New), American (Traditional), Spanish, Barbeque, Bars"
ZswHHBmGyk2FmmSiRf6GHw,Guadalajara’s,"Mexican, Restaurants"
1QNGVBU2NwG1vSFUerRi7A,Taco Bell,"Restaurants, Tex-Mex, Tacos, Mexican, Breakfast & Brunch, Fast Food"
9_Ur9QoNRBU5kc-k84rXrQ,Filiberto's Mexican Food,"Restaurants, Mexican"
asuAMmOFQb8KeKEU7bO0Rg,Paco's,"Mexican, Restaurants, Breakfast & Brunch"
89h8yJNnYEs5MiRogltPJw,Los Betos Mexican Food,"Restaurants, Mexican"
uAE0ZxP21IXPoMpD_CAF-g,Aqui Con el Nene,"Mexican, Restaurants, Latin American, American (Traditional)"
cFFV6yuNCxei81s6jYBQ-g,Jack in the Box,"Fast Food, Restaurants, Mexican, Tacos, Breakfast & Brunch, Burgers"
iJeBfnpFdxuzN_3MnIJ1Mg,La Fresita Tucson,"Mexican, Restaurants, Breakfast & Brunch"
NFuPH1XrddG7YZ77mPYK0Q,Chipotle Mexican Grill,"Restaurants, Fast Food, Mexican"
4MXnrz1I99c13tsv4aDkFA,Old Pueblo Grille,"Bars, American (Traditional), Mexican, Restaurants, Tex-Mex, Local Flavor, Nightlife, Steakhouses"
JXNUyycQEl6pTDkbN0XjXw,Little Mexico,"Restaurants, Mexican"
OQtiglitfleC-roso3jXDw,Jack in the Box,"Fast Food, Burgers, Tacos, Mexican, Restaurants, Breakfast & Brunch"
8RAVcQTTGugug3nK39hZ5g,El Charro,"Mexican, Restaurants"
DQ600J0ghZe62HYpYO4pNg,Yolys Mexico Grande,"Mexican, American (Traditional), Restaurants"
eZ_05oNWZzB-jCcbiVHtkQ,El Antojo Poblano,"Restaurants, Mexican, Food Trucks, Food"
5OucQMJtsGGh8PLnjedHUQ,Filiberto's,"Fast Food, Restaurants, Mexican, Tacos"
g9DDXMuDwaW-GtD2f6xl6A,Breakfast Stop,"Mexican, Breakfast & Brunch, Restaurants"
C0N7JMYF53oDQ6wLCCG9YQ,Perfectos,"Restaurants, Fast Food, Mexican"
eXH8AvpSarvyO7PCE9K-jg,Jack in the Box,"Restaurants, Burgers, Breakfast & Brunch, Mexican, Fast Food, Tacos"
sq4YMFrzOZyApa7QifGNEA,Mestizos,"Tacos, Seafood, Mexican, Food, Restaurants, Empanadas"
Xv5QKR3DMOhIS4V187yj2Q,La Botana Tacos,"Tacos, Hot Dogs, Restaurants, Beer, Wine & Spirits, Seafood, Mexican, Caterers, Vegetarian, Food, Event Planning & Services, Specialty Food, Breakfast & Brunch"
si1CXN9iRoJvoKhO1LZSTQ,Rigoberto's Mexican Food,"Mexican, Restaurants"
e28EYYiOKb-zEU-EX206OQ,Chuy's Baja Broiler,"Bars, Nightlife, Tex-Mex, Restaurants, Mexican"
goLd9V10BdEHTxRK8OD7Zw,Street Taco And Beer,"Food, Street Vendors, Beer Bar, Restaurants, Tacos, Mexican, Nightlife, Bars"
xJcMPZEUXC2higFYSGuO0w,Carl's Jr,"Mexican, Restaurants, Fast Food, Burgers"
kbLMftopyrdxcoKytiCRIg,El Pollo Loco,"Restaurants, Mexican, Fast Food"
MXNEFOi2wO8Zk6s5-5yaEw,CharroVida,"Desserts, Vegetarian, Mediterranean, Modern European, Vegan, Mexican, Food, Restaurants"
-1iLbEf1NwY-OJp5Hg-3Sg,Chuy's Mesquite Broiler - Valencia,"Restaurants, Fast Food, American (New), Mexican, Tex-Mex"
K5zbuIW7n2n9DEfubAyMNg,Zivaz Mexican Bistro,"Restaurants, American (Traditional), Burgers, Mexican"
Wrkqol2_IEgb8QgRkZsSDg,Ruiz Hot Dogs,"Restaurants, Mexican, Hot Dogs, Food Stands"
kxvW5Mfebywb0L1HTHdX3g,Buendia Breakfast & Lunch Cafe,"Mexican, Cafes, Restaurants, Breakfast & Brunch"
h1OkRUd0uV6yE6PwUOUonw,Taco Bell,"Restaurants, Tacos, Mexican, Tex-Mex, Fast Food, Breakfast & Brunch"
iIVemD9UFS-Nm7B5ivwBJg,Taco Bell,"Mexican, Restaurants, Breakfast & Brunch, Fast Food, Tacos, Tex-Mex"
CUz0n5KEyjkVR2Rbwb2h9A,Taco Bell,"Restaurants, Fast Food, Breakfast & Brunch, Tex-Mex, Tacos, Mexican"
e5gOtAH36l70fexYypnG5Q,El Mezon Del Cobre,"Seafood, Mexican, Korean, Vietnamese, Restaurants"
DcGhBv1dWXvB3kcRS2ml8Q,ChickeNuevo,"Restaurants, Mexican, Fast Food"
wOV877D53aONy3dgja-PJQ,Ole' Mexican Grill,"Mexican, Restaurants, Salad, Desserts, Food, Scandinavian"
OeciLH3te4NiWtI-uu7q3A,Rigo's Restaurant,"Buffets, Breakfast & Brunch, Restaurants, Mexican"
87ypDkG0umOYxnDI0eqxAA,Las Cazuelitas West,"Mexican, Restaurants"
YSRM9nWQn40eg49tSiI-_Q,Mi Nidito Restaurant,"Restaurants, Mexican, Desserts, Food, Latin American, Tacos, Breakfast & Brunch, Soup"
ZKY_YxsjpRV_w8LkOkfKXw,Del Taco,"Fast Food, Mexican, Restaurants"
KDVAIeGPm1aEddky6j41Qw,Molina's Midway Mexican Foods,"Restaurants, Mexican"
nRHxGEJa39O4y_eqbuZsKQ,El Chapo Restaurant,"Mexican, Restaurants"
CkRfxYUY7o3G6Sptq8PoRw,La Salsa,"Mexican, Restaurants, Tex-Mex"
rB9RDJYEsp4akUNwywBJxw,Ta' Raspado,"Restaurants, Shaved Ice, Food, Mexican"
WQfme88jS02gPu3Z6bmn3A,Baja Tacos,"Restaurants, Food, Food Trucks, Mexican"
A-5IN85MwL9F8wJRsDna6g,Tacos Apson,"Restaurants, Mexican"
QTrzA9rgZkWabD9FR2Z7YA,EXO,"Tapas/Small Plates, Tapas Bars, Arts & Entertainment, Nightlife, Bars, Music Venues, Restaurants, Cocktail Bars, Mexican"
GGVjh32ZYQmon1mM1-6ZXQ,Casa Molina Del Norte Restaurant,"Mexican, Restaurants"
tpvHimO4BBn1QMPQL02B7A,Barrio Charro,"Food, Breakfast & Brunch, Bakeries, Mexican, Desserts, Restaurants"
6Cs52T0ItZ5TQ5Qx-UGaMw,Baja Cafe on Campbell,"Restaurants, American (Traditional), Mexican, Breakfast & Brunch"
O-J8l_KT4lulqnK4DIIj3w,El Manantial Tacos Y Hotdogs,"Mexican, Hot Dogs, Restaurants, Food Stands"
6ZfLLDC5RNkBZnQaOCMW3w,El Minuto Cafe,"Mexican, Restaurants"
lh-Mu8wZQW0E_wVsLx90nQ,El Perro Loco,"Food, Hot Dogs, Restaurants, Food Trucks, Mexican"
7CyEhpsj57oXxJw4oESC9w,Mr Antojo,"Hot Dogs, Restaurants, Food Stands, Mexican"
YWeP8DfVn11eoTabjhlh1w,Fito's Taco Shop,"Imported Food, Specialty Food, Ethnic Food, Food, Restaurants, Mexican"
W4KiqVyRBY-AWbpT5nowhw,Lupita's Cafe,"Mexican, Restaurants"
-jAm9r-J4tvGGy5uxn5jgg,Don Nato's Mexican Food,"Restaurants, Mexican"
3QwQ6FAUi5i76gErx89dnA,Jack in the Box,"Burgers, Fast Food, Breakfast & Brunch, Tacos, Mexican, Restaurants"
dLELo88u5kwIWjmJalLMPA,Viva Burrito,"Restaurants, Mexican"
rGe39yq8BB3zTEhBJK264Q,Sonoras Famous Hot Dogs & Grill,"Hot Dogs, Restaurants, Mexican"
aWNaNbDe-cVBfxL2cLVPNg,El Taco Tote,"Fast Food, Restaurants, Mexican"
kjnEPxEUOUqO91ERPP2IVA,Cafe Botanica,"Restaurants, Cafes, Mexican, American (New)"
UtVrrnZjUh29lcZZz7gFmQ,Gentle Ben’s Brewery,"American (Traditional), Food, Nightlife, Event Planning & Services, Mexican, Restaurants, Breweries, Cocktail Bars, Venues & Event Spaces, Bars"
MK0OMY_u9unl8xSqjPLtMw,Seis Kitchen,"Street Vendors, Nightlife, Food, Bars, Food Trucks, Restaurants, Mexican, Breakfast & Brunch"
Bkxkv4CkP-0MpPLGEnbJbA,Taco Bell,"Restaurants, Tex-Mex, Breakfast & Brunch, Fast Food, Tacos, Mexican"
acLymxN18Y83rxKbmaCm4Q,Las Margaritas,"Restaurants, Mexican"
4GMHypXwSyX792Q6p4qLeQ,Aqui Con El Nene,"Hot Dogs, Tacos, Mexican, Restaurants"
ce3FUIiK5FfRSbUGUn3WOw,Los Jarritos,"Mexican, Breakfast & Brunch, Restaurants"
M9u3lvTUrM9wBUfssdOnjw,Rigo's Restaurant,"Restaurants, Mexican"
Ruc9mHL5JkOE6PHWghx2gQ,El Mezquite Grill & Taqueria,"Tacos, Mexican, Restaurants"
QDysk9VQYcT1p6Z8C2Um-g,Molcas,"Restaurants, Food Stands, Mexican, Hot Dogs"
nGQ9pZpBBKewmSNo4nw5lA,Tania's Flour Tortillas,"Restaurants, Mexican"
y1bpqyV8Kr2JaJintHdvCw,Sushi-Kito,"Restaurants, Italian, Food Trucks, Japanese, Burgers, Food, Mexican, Sushi Bars"
LRr-aw58xVMkUu0OSL_BpQ,The Little One,"Restaurants, Mexican, Breakfast & Brunch, Latin American"
LYSyuSLDwygdFS46wimD6g,Rodolfo's Taco Shop,"Mexican, Restaurants"
Xl8f9d7P-hFAP0Cl428aIg,El Coronado,"Restaurants, American (Traditional), Ice Cream & Frozen Yogurt, Beer, Wine & Spirits, Food, Mexican, Nightlife, Bars, Beer Bar"
_uQDN5IYJF5XmLd1KaV6Ew,Jack in the Box,"Breakfast & Brunch, Mexican, Tacos, Fast Food, Burgers, Restaurants"
r48rmDbebDPE0uLmbG-qew,Habanero’s Steak & Wings,"Mexican, Restaurants, Steakhouses, Seafood, Bars, Nightlife, Chicken Wings"
XIM7DpbNlwNfbmczd8XJbQ,El Potosino,"Mexican, Restaurants"
wIXYreqGaO5AEVjNQulbKQ,Poco & Moms,"Restaurants, Diners, Food, Sports Bars, American (Traditional), Breakfast & Brunch, Mexican, Event Planning & Services, Venues & Event Spaces, Nightlife, New Mexican Cuisine, Bars"
JFteGsQlrJeJjur6cA1RhA,Rollies Mexican Patio,"Mexican, Restaurants, Desserts, Food"
EAunddVzxTogbXoVtJ9cMg,Los Cuates Mexican Food,"Food, Mexican, Restaurants"
3KQ0iVCS3KrzZ8dc6x3IVQ,Tortilleria Dona Esperanza,"Mexican, Restaurants, Grocery, Food"
wriQUBAbLgkM9LuYyVDNkw,Macayo's Mexican Kitchen,"Restaurants, Nightlife, Mexican, Salad, Cocktail Bars, Bars"
tZ7aeO0IuF_rAALD-kMEFQ,El Guero Canelo,"Mexican, Restaurants"
qTBqSOeLJ421cCO1McaU_g,El Charro Cafe,"Restaurants, Mexican"
M0Gkv0uvZRxhOcDqQXi74g,Angela's Mexican Food,"Restaurants, Food Stands, Mexican"
KUYp0N5cxNokULUYQmUJPA,Poblano Hot Sauce,"Mexican, Restaurants"
tszRCO-RchPXPZlsTCYgbA,"Guadalajara Grill - Fiesta, Best Mexican Restaurant in Tucson","Mexican, Restaurants, Tex-Mex, Caterers, Event Planning & Services, Seafood"
x2GJf-ooT8CCtkr-ddUCNA,Taqueria La Esquina,"Restaurants, Tacos, Mexican"
c4Y_RZKBXsXENA9y7JIBaQ,Kool Tortas,"Mexican, Restaurants"
Ou1VLAY5SXVuMfrCEmf5KQ,DD's Baja Seafood & Grill,"Mexican, Restaurants, Seafood"
bS0cVtZq2HEoptWq3oD99w,Chipotle Mexican Grill,"Fast Food, Mexican, Restaurants"
WbTiuVb5Vlid6AQAW_uRmA,Los Betos,"Mexican, Restaurants"
LMfG69oT0EJNvzexIKGgEQ,Mariscos Chihuahua,"Mexican, Restaurants"
o7BuL-DtXJoW3K2xkLc2ZA,Big Juan's Tacos Y Burros,"Restaurants, Mexican"
cdLBrmamzLQiECe42xogIA,Papagayo Cantina,"Restaurants, Mexican"
8lfRMOaf-DKRCHWsP6Y8PA,Chipotle Mexican Grill,"Restaurants, Fast Food, Mexican, Tex-Mex"
sn0lYpS47kOlFBBVi4KqNw,Rancho Rustico Family Mexican Restaurant,"Seafood, Restaurants, Salad, Mexican"
GhY-NvTYa-DT-xHfc-7Dgw,Chaco's Cafe,"Tex-Mex, Mexican, Restaurants"
uNEe6px0HeEh7uLjoQAlTA,Pancho Villas Grill,"Restaurants, Mexican"
BObmqEDKj3pTqOdB5xC5Tg,Los Jilberto's,"Restaurants, Mexican"
ZrznKb9-I7DfE0tOEBK0Lw,Tacos y Hotdogs El Giro,"Food Stands, Mexican, Restaurants, Food, Food Trucks"
6PeAzc06qTMPoySLvh7JQQ,Crazy Dogs Taqueria,"Mexican, Food, Food Trucks, Restaurants"
QsSA6MC9-CoElSrXPDrIKA,Chipotle Mexican Grill,"Fast Food, Restaurants, Mexican"
yRs15dgEYvxGatbDyeVXiA,Costa Vida,"Mexican, Salad, Restaurants"
_8DMOJZoJnX4WPgqEdEUsg,Taqueria El Gallo de Sinaloa,"Restaurants, Tacos, Mexican"
NlUZin5Vn7CHwdIdlfX8RQ,Los Betos,"Nightlife, Restaurants, Bars, Beer Bar, Mexican"
2RJ_OHtFUlaq1oMDJCjtUw,Taco Bell,"Fast Food, Mexican, Tex-Mex, Tacos, Breakfast & Brunch, Restaurants"
6okGf-6HAN8nkRxA8ihImw,Cardenas Ranch Markets,"Grocery, Restaurants, Mexican, Meat Shops, Specialty Food, Food"
nwdfY9ZuvqShLc4otGlxtw,Sushison Tucson,"Sushi Bars, Mexican, Restaurants"
k0s3RZjFsP7L6QFOBWHOTA,El Taco Rico,"Mexican, Hot Dogs, Restaurants, Food Stands"
aGOXuqO6yhN66tLYI61Thg,Jack in the Box,"Tacos, American (Traditional), Fast Food, Mexican, Breakfast & Brunch, Restaurants, Burgers, Food"
